Pair,Total_Count,Combined_Rate
H ↔ M,2,0.8333333333333334
6 ↔ S,1,0.4273504273504274
