{
  "timestamp": "20260211_155639",
  "training": {
    "accuracy": 99.94037637413825,
    "precision": 99.94248078852188,
    "recall": 99.93982979971115,
    "f1_score": 99.94106788684324
  },
  "validation": {
    "accuracy": 99.97018929795797,
    "precision": 99.97165518959099,
    "recall": 99.97170523138831,
    "f1_score": 99.97160969501877
  },
  "test": {
    "accuracy": 99.96422609110422,
    "precision": 99.96453188456206,
    "recall": 99.96398046398046,
    "f1_score": 99.96413197796029
  }
}